TransactionID,Item
1,Milk
1,Bread
1,Butter
2,Milk
2,Bread
2,Eggs
3,Milk
3,Bread
3,Butter
3,Eggs
4,Beer
4,Diapers
4,Chips
5,Beer
5,Diapers
6,Beer
6,Chips
7,Coffee
7,Sugar
7,Milk
8,Coffee
8,Sugar
8,Cream
9,Bread
9,Jam
9,Butter
10,Bread
10,Jam
10,Peanut Butter
11,Milk
11,Cereal
11,Sugar
12,Milk
12,Cereal
12,Bananas
13,Chicken
13,Rice
13,Vegetables
14,Chicken
14,Rice
14,Sauce
15,Pasta
15,Tomato Sauce
15,Cheese
16,Pasta
16,Tomato Sauce
16,Ground Beef
17,Apples
17,Bananas
17,Yogurt
18,Apples
18,Bananas
18,Granola
19,Shampoo
19,Conditioner
19,Body Wash
20,Shampoo
20,Conditioner
20,Toothpaste
21,Milk
21,Bread
21,Eggs
21,Butter
22,Beer
22,Diapers
22,Chips
22,Salsa
23,Coffee
23,Sugar
23,Cream
23,Milk
24,Bread
24,Jam
24,Peanut Butter
24,Butter
25,Chicken
25,Rice
25,Vegetables
25,Sauce
26,Pasta
26,Tomato Sauce
26,Cheese
26,Ground Beef
27,Apples
27,Bananas
27,Yogurt
27,Granola
28,Shampoo
28,Conditioner
28,Body Wash
28,Toothpaste
29,Milk
29,Cereal
29,Bananas
30,Milk
30,Bread
30,Eggs
30,Cereal
31,Beer
31,Chips
31,Salsa
32,Coffee
32,Sugar
32,Milk
33,Bread
33,Butter
33,Jam
34,Chicken
34,Rice
34,Sauce
35,Pasta
35,Tomato Sauce
35,Cheese
36,Apples
36,Bananas
36,Yogurt
37,Shampoo
37,Conditioner
37,Toothpaste
38,Milk
38,Bread
38,Butter
38,Eggs
39,Beer
39,Diapers
39,Chips
40,Coffee
40,Sugar
40,Cream
41,Bread
41,Jam
41,Peanut Butter
42,Chicken
42,Rice
42,Vegetables
43,Pasta
43,Tomato Sauce
43,Cheese
44,Apples
44,Bananas
44,Granola
45,Shampoo
45,Conditioner
45,Body Wash
46,Milk
46,Cereal
46,Bananas
47,Milk
47,Bread
47,Eggs
48,Beer
48,Diapers
48,Chips
49,Coffee
49,Sugar
49,Milk
50,Bread
50,Butter
50,Jam